<?xml version="1.0" encoding="UTF-8"?>
<!DOCTYPE mapper PUBLIC "-//mybatis.org//DTD Mapper 3.0//EN" "http://mybatis.org/dtd/mybatis-3-mapper.dtd">
<mapper namespace="cn.com.yusys.yusp.admin.repository.mapper.SModifyTraceMapper">
    <resultMap id="BaseResultMap" type="cn.com.yusys.yusp.admin.domain.SModifyTrace">
        <id column="SEQID" jdbcType="VARCHAR" property="seqid" />
        <result column="USR_ID" jdbcType="VARCHAR" property="usrId" />
        <result column="M_MENU_ID" jdbcType="VARCHAR" property="mMenuId" />
        <result column="M_PK_V" jdbcType="VARCHAR" property="mPkV" />
        <result column="ORG_ID" jdbcType="VARCHAR" property="orgId" />
        <result column="M_FIELD_ID" jdbcType="VARCHAR" property="mFieldId" />
        <result column="M_FIELD_NM" jdbcType="VARCHAR" property="mFieldNm" />
        <result column="M_OLD_V" jdbcType="VARCHAR" property="mOldV" />
        <result column="M_OLD_DISP_V" jdbcType="VARCHAR" property="mOldDispV" />
        <result column="M_NEW_V" jdbcType="VARCHAR" property="mNewV" />
        <result column="M_NEW_DISP_V" jdbcType="VARCHAR" property="mNewDispV" />
        <result column="M_DATETIME" jdbcType="VARCHAR" property="mDatetime" />
    </resultMap>
    <sql id="Base_Column_List">
        SEQID, USR_ID, M_MENU_ID, M_PK_V, ORG_ID, M_FIELD_ID, M_FIELD_NM,
        M_OLD_V, M_OLD_DISP_V, M_NEW_V, M_NEW_DISP_V, M_DATETIME
    </sql>
    <!-- 根据参数查询数据 -->
    <select id="selectSModifyTraceByPk" resultMap="BaseResultMap">
        select
        <include refid="Base_Column_List" />
        from S_MODIFY_TRACE
        <where>
            <if test="condition.mPkV !=null">
                and M_PK_V in
                <foreach item="mPkV" index="index" collection="condition.mPkV"
                    open="(" separator="," close=")">
                    #{mPkV}
                </foreach>
            </if>
            <if test="condition.mFieldId !=null">
                and M_FIELD_ID= #{condition.mFieldId,jdbcType=VARCHAR}
            </if>
        </where>
        order by M_DATETIME desc
    </select>
    <!-- 批量新增数据 -->
    <insert id="insertBatchSModifyTrace" parameterType="List">
        insert into S_MODIFY_TRACE (SEQID, USR_ID, M_MENU_ID, M_PK_V,
        ORG_ID, M_FIELD_ID, M_FIELD_NM,
        M_OLD_V, M_OLD_DISP_V, M_NEW_V, M_NEW_DISP_V, M_DATETIME)
        <foreach collection="list" item="poi" index="index" separator="union all">
            select #{poi.seqid},#{poi.usrId}, #{poi.mMenuId}, #{poi.mPkV},
            #{poi.orgId}, #{poi.mFieldId},#{poi.mFieldNm},
            #{poi.mOldV}, #{poi.mOldDispV}, #{poi.mNewV},#{poi.mNewDispV}, #{poi.mDatetime}
            from dual
        </foreach>
    </insert>

</mapper>